{"cameraMode":{"drawMode":0,"name":"Shaded","section":"Shading Mode"},"sceneLighting":true,"audioPlay":false,"sceneViewState":{"showFog":false,"showMaterialUpdate":false,"showSkybox":false,"showFlares":false,"showImageEffects":false,"showParticleSystems":false},"in2DMode":false,"pivot":{"x":23.923799514770509,"y":295.0417785644531,"z":-592.3789672851563},"rotation":{"x":-0.21734610199928285,"y":-0.16426454484462739,"z":0.03715871274471283,"w":-0.9615300297737122},"size":114.1073226928711,"orthographic":true}